subreddit,posts,sentiment
gonewild,43840,0.2338
listentothis,10608,0.2143
itookapicture,9792,0.2018
Guitar,5672,0.1874
WeAreTheMusicMakers,28010,0.1784
beer,13098,0.1503
secretsanta,31017,0.147
Cooking,10364,0.1449
photography,26764,0.1379
Art,9200,0.1376
rpg,6261,0.1328
Android,7174,0.1263
Design,8104,0.1252
SuicideWatch,13384,0.1247
haskell,6564,0.1233
food,39412,0.1232
trees,12407,0.1221
Music,127832,0.1216
Python,8747,0.1196
books,29457,0.1181
PS3,7802,0.1169
anime,8518,0.1132
soccer,7407,0.1131
aww,9783,0.113
happy,13085,0.1121
TwoXChromosomes,26053,0.1112
meetup,6125,0.1091
iphone,6332,0.1091
writing,9021,0.106
tipofmytongue,5224,0.1055
web_design,29139,0.1052
math,27989,0.1036
relationship_advice,40206,0.0997
Fitness,12149,0.0977
hardware,10109,0.0967
Frugal,26056,0.0965
starcraft,5757,0.0958
Bacon,9288,0.0927
promos,9488,0.0898
Physics,5535,0.0891
linux,99557,0.0888
WebGames,9572,0.0856
apple,36662,0.0833
hockey,8606,0.0806
Christianity,46416,0.0805
bicycling,15085,0.0791
circlejerk,11324,0.0783
gaming,505015,0.0778
programming,553283,0.0773
scifi,72115,0.0772
Marijuana,119122,0.0748
Metal,11182,0.0731
space,18140,0.073
movies,65586,0.0725
IAmA,517930,0.0699
gadgets,29531,0.0686
sex,40347,0.0685
sports,42480,0.0674
energy,13233,0.0674
geek,67492,0.0661
Drugs,21025,0.0645
lgbt,18540,0.0627
nsfw,54951,0.0615
comics,95791,0.0612
bestof,25678,0.0604
philosophy,51072,0.0603
AskReddit,2223154,0.0597
tf2,46600,0.0587
cogsci,14948,0.058
self,61486,0.0577
psychology,6374,0.0535
todayilearned,50109,0.0532
technology,319927,0.0528
netsec,11439,0.0515
entertainment,131050,0.0513
religion,10280,0.0504
MMA,11930,0.0504
videos,112528,0.0504
funny,442269,0.0481
DoesAnybodyElse,104194,0.0475
pics,813331,0.0471
humor,18760,0.046
reddit.com,1509841,0.0458
fffffffuuuuuuuuuuuu,39941,0.0438
science,426380,0.0428
atheism,504065,0.0394
women,7596,0.039
wikipedia,27376,0.039
zombies,5705,0.0389
business,114879,0.0372
canada,59828,0.036
Anarchism,15869,0.033
australia,22533,0.0315
Economics,147392,0.0314
history,11781,0.0289
offbeat,123550,0.0268
environment,64671,0.0266
cannabis,5095,0.0262
Health,27990,0.0243
Libertarian,60416,0.022
obama,18407,0.0213
economy,14234,0.0174
collapse,5563,0.0156
guns,26801,0.0095
WTF,671530,0.0085
politics,910670,-0.0015
conspiracy,28671,-0.0063
feminisms,5416,-0.0157
Equality,18631,-0.0177
MensRights,27734,-0.0199
worldnews,451690,-0.024
news,54104,-0.0248
worldpolitics,18752,-0.0299
Israel,13921,-0.0554
